{
  "mae_waveform": 0.0692070797085762,
  "snr_db": -2.243951479316962,
  "pop_click_score": 0.05045459046959877,
  "duration_diff_ms": 850.5833333333334,
  "ttfa_ms": 369.63367462158203,
  "rtf": 1.1799700240151751,
  "offset_samples": 1104,
  "stream_rms": 0.06659699231386185,
  "stream_peak": 0.617156982421875,
  "offline_rms": 0.08107805997133255,
  "offline_peak": 0.859375,
  "offline_total_s": 20.451086282730103
}