{
  "mae_waveform": 0.0683930367231369,
  "snr_db": -2.0016626386199414,
  "pop_click_score": 0.055315300822257996,
  "duration_diff_ms": -1924.9166666666667,
  "ttfa_ms": 351.9620895385742,
  "rtf": 1.3571242248261477,
  "offset_samples": -3894,
  "stream_rms": 0.06028924509882927,
  "stream_peak": 0.621063232421875,
  "offline_rms": 0.07616391777992249,
  "offline_peak": 0.6875,
  "offline_total_s": 20.13697910308838
}