{
  "mae_waveform": 0.04479904845356941,
  "snr_db": -1.2279880936952212,
  "pop_click_score": 0.02291247434914112,
  "duration_diff_ms": -1861.7083333333333,
  "ttfa_ms": 361.797571182251,
  "rtf": 2.296127708290178,
  "offset_samples": 11316,
  "stream_rms": 0.03385762870311737,
  "stream_peak": 0.169921875,
  "offline_rms": 0.05425235629081726,
  "offline_peak": 0.453125,
  "offline_total_s": 4.228687286376953
}