{
  "optimal_config": {
    "VAD_ENDPOINTING_SILENCE_MS": 500,
    "ENDPOINTING_DELAY_MS": 300,
    "BARGEIN_ACTIVATION_THRESHOLD": 0.7,
    "BARGEIN_MIN_SPEECH_MS": 120,
    "NOISE_GATE_ENABLED": true,
    "MODE": "turn_taking"
  },
  "gt_tt_p95_values": [
    1570.55,
    1577.35,
    1596.2,
    1667.5,
    1609.45
  ],
  "gt_tt_p50_values": [
    1566.5,
    1538.5,
    1548.0,
    1633.5,
    1567.0
  ],
  "gt_tt_p95_mean": 1604.2099999999998,
  "gt_tt_p95_std": 34.50129562784565,
  "gt_tt_p95_max": 1667.5,
  "gt_tt_p95_p95": 1655.89,
  "fail_threshold_ms": 1705.89,
  "total_gt_to": 0,
  "total_gt_tt_cases": 20,
  "mini_runs": 5
}