{
  "mae_waveform": 0.042717345058918,
  "snr_db": -1.6279259167066507,
  "pop_click_score": 0.02382226660847664,
  "duration_diff_ms": -6528.041666666667,
  "ttfa_ms": 368.64304542541504,
  "rtf": 1.8259789553325296,
  "offset_samples": -9696,
  "stream_rms": 0.03492763265967369,
  "stream_peak": 0.251953125,
  "offline_rms": 0.04825056716799736,
  "offline_peak": 0.396484375,
  "offline_total_s": 18.799739122390747
}