{
  "mae_waveform": 0.043708354234695435,
  "snr_db": -1.8609889448587702,
  "pop_click_score": 0.02875395677983761,
  "duration_diff_ms": 3310.9166666666665,
  "ttfa_ms": 362.23912239074707,
  "rtf": 1.077736964773037,
  "offset_samples": 486,
  "stream_rms": 0.03622936084866524,
  "stream_peak": 0.3206787109375,
  "offline_rms": 0.04885881766676903,
  "offline_peak": 0.349609375,
  "offline_total_s": 21.39061665534973
}