{
  "mae_waveform": 0.023727288469672203,
  "snr_db": 0.021902313286945155,
  "pop_click_score": 0.008668504655361176,
  "duration_diff_ms": -642.625,
  "ttfa_ms": 354.4015884399414,
  "rtf": 2.392943350578169,
  "offset_samples": -1200,
  "stream_rms": 0.010590970516204834,
  "stream_peak": 0.05389404296875,
  "offline_rms": 0.03212053328752518,
  "offline_peak": 0.1982421875,
  "offline_total_s": 1.306694746017456
}