{
  "mae_waveform": 0.04446760565042496,
  "snr_db": -1.6290861916769248,
  "pop_click_score": 0.029354196041822433,
  "duration_diff_ms": -5555.25,
  "ttfa_ms": 359.76696014404297,
  "rtf": 2.362659539962979,
  "offset_samples": 132,
  "stream_rms": 0.03708529844880104,
  "stream_peak": 0.27117919921875,
  "offline_rms": 0.06071576103568077,
  "offline_peak": 0.40234375,
  "offline_total_s": 9.593909978866577
}