{
  "mae_waveform": 0.06229419633746147,
  "snr_db": -0.8762655707644319,
  "pop_click_score": 0.04484664276242256,
  "duration_diff_ms": -723.4166666666666,
  "ttfa_ms": 346.9080924987793,
  "rtf": 1.7572710896311865,
  "offset_samples": -11280,
  "stream_rms": 0.048053890466690063,
  "stream_peak": 0.54669189453125,
  "offline_rms": 0.08450507372617722,
  "offline_peak": 0.859375,
  "offline_total_s": 4.981494665145874
}