{
  "mae_waveform": 0.04693250730633736,
  "snr_db": -0.8867849397013243,
  "pop_click_score": 0.023515911772847176,
  "duration_diff_ms": -5115.75,
  "ttfa_ms": 367.58899688720703,
  "rtf": 1.4404715216484145,
  "offset_samples": 6192,
  "stream_rms": 0.03039230778813362,
  "stream_peak": 0.224578857421875,
  "offline_rms": 0.06094234436750412,
  "offline_peak": 0.42578125,
  "offline_total_s": 19.66695737838745
}