{
  "mae_waveform": 0.02298637665808201,
  "snr_db": -1.9115409034300999,
  "pop_click_score": 0.016977565363049507,
  "duration_diff_ms": -635.9583333333334,
  "ttfa_ms": 368.0276870727539,
  "rtf": 2.4561822532939344,
  "offset_samples": -1884,
  "stream_rms": 0.025680460035800934,
  "stream_peak": 0.14361572265625,
  "offline_rms": 0.04540836811065674,
  "offline_peak": 0.46484375,
  "offline_total_s": 1.2353365421295166
}