{
  "mae_waveform": 0.042460955679416656,
  "snr_db": -1.596311310733416,
  "pop_click_score": 0.025801656767725945,
  "duration_diff_ms": -2524.5833333333335,
  "ttfa_ms": 359.67254638671875,
  "rtf": 1.8339043647307038,
  "offset_samples": -6042,
  "stream_rms": 0.036106206476688385,
  "stream_peak": 0.242584228515625,
  "offline_rms": 0.047063857316970825,
  "offline_peak": 0.30078125,
  "offline_total_s": 6.5478904247283936
}