{
  "mae_waveform": 0.05401098355650902,
  "snr_db": -0.8478757936387772,
  "pop_click_score": 0.03751779720187187,
  "duration_diff_ms": -1028.3333333333333,
  "ttfa_ms": 365.34643173217773,
  "rtf": 2.1678643028934506,
  "offset_samples": -6164,
  "stream_rms": 0.03948906064033508,
  "stream_peak": 0.24688720703125,
  "offline_rms": 0.07035381346940994,
  "offline_peak": 0.376953125,
  "offline_total_s": 1.9400591850280762
}