{
  "mae_waveform": 0.07858198136091232,
  "snr_db": -2.01086031371601,
  "pop_click_score": 0.05680563300848007,
  "duration_diff_ms": 1440.5416666666667,
  "ttfa_ms": 360.18919944763184,
  "rtf": 1.0713338976317204,
  "offset_samples": -6414,
  "stream_rms": 0.06797269731760025,
  "stream_peak": 0.7408447265625,
  "offline_rms": 0.08949773758649826,
  "offline_peak": 0.8125,
  "offline_total_s": 25.92369556427002
}