{
  "mae_waveform": 0.07200662791728973,
  "snr_db": -0.8321375714019807,
  "pop_click_score": 0.04928573593497276,
  "duration_diff_ms": -696.7916666666666,
  "ttfa_ms": 338.3326530456543,
  "rtf": 1.9190269608024744,
  "offset_samples": -318,
  "stream_rms": 0.04901012033224106,
  "stream_peak": 0.385284423828125,
  "offline_rms": 0.09683641791343689,
  "offline_peak": 0.63671875,
  "offline_total_s": 4.559025526046753
}