{
  "mae_waveform": 0.03316016495227814,
  "snr_db": -2.4548113366472397,
  "pop_click_score": 0.026208508759737015,
  "duration_diff_ms": -2444.8333333333335,
  "ttfa_ms": 361.61112785339355,
  "rtf": 2.221221841868737,
  "offset_samples": -7644,
  "stream_rms": 0.03303060680627823,
  "stream_peak": 0.220916748046875,
  "offline_rms": 0.03825485333800316,
  "offline_peak": 0.263671875,
  "offline_total_s": 4.766460418701172
}