{
  "mae_waveform": 0.07085645198822021,
  "snr_db": -3.443564494541018,
  "pop_click_score": 0.05185271427035332,
  "duration_diff_ms": -2260.5416666666665,
  "ttfa_ms": 366.91927909851074,
  "rtf": 2.3317713047976274,
  "offset_samples": -6084,
  "stream_rms": 0.08765619993209839,
  "stream_peak": 0.820281982421875,
  "offline_rms": 0.06830301135778427,
  "offline_peak": 0.60546875,
  "offline_total_s": 5.062777757644653
}