{
  "mae_waveform": 0.07725517451763153,
  "snr_db": -1.4792361033270696,
  "pop_click_score": 0.047241609543561935,
  "duration_diff_ms": -1902.625,
  "ttfa_ms": 348.5760688781738,
  "rtf": 1.4909474017822033,
  "offset_samples": -8784,
  "stream_rms": 0.06483025848865509,
  "stream_peak": 0.511474609375,
  "offline_rms": 0.09685347229242325,
  "offline_peak": 0.6875,
  "offline_total_s": 9.74950385093689
}