{
  "mae_waveform": 0.04011927917599678,
  "snr_db": -1.7717496506110377,
  "pop_click_score": 0.021509120240807533,
  "duration_diff_ms": -1889.9166666666667,
  "ttfa_ms": 363.4531497955322,
  "rtf": 2.2804247310865,
  "offset_samples": -7140,
  "stream_rms": 0.032821230590343475,
  "stream_peak": 0.228973388671875,
  "offline_rms": 0.04280117154121399,
  "offline_peak": 0.341796875,
  "offline_total_s": 4.439745187759399
}