{
  "mae_waveform": 0.06291035562753677,
  "snr_db": -2.047901498307381,
  "pop_click_score": 0.04478384181857109,
  "duration_diff_ms": -591.8333333333334,
  "ttfa_ms": 378.279447555542,
  "rtf": 1.3248847766238994,
  "offset_samples": -4986,
  "stream_rms": 0.06027591973543167,
  "stream_peak": 0.6080322265625,
  "offline_rms": 0.07165319472551346,
  "offline_peak": 0.50390625,
  "offline_total_s": 6.801352500915527
}